hl_gate_name,hl_gate_id,input1_id,input2_id,ll_gate_id,depth,sharingsize
IN_B,1,1,0,0,0,1
IN_B,1,1,0,1,0,1
IN_B,1,1,0,2,0,1
IN_B,1,1,0,3,0,1
IN_B,1,1,0,4,0,1
IN_B,1,1,0,5,0,1
IN_B,1,1,0,6,0,1
IN_B,1,1,0,7,0,1
IN_B,1,1,0,8,0,1
IN_B,1,1,0,9,0,1
IN_B,1,1,0,10,0,1
IN_B,1,1,0,11,0,1
IN_B,1,1,0,12,0,1
IN_B,1,1,0,13,0,1
IN_B,1,1,0,14,0,1
IN_B,1,1,0,15,0,1
IN_B,1,1,0,16,0,1
IN_B,1,1,0,17,0,1
IN_B,1,1,0,18,0,1
IN_B,1,1,0,19,0,1
IN_B,1,1,0,20,0,1
IN_B,1,1,0,21,0,1
IN_B,1,1,0,22,0,1
IN_B,1,1,0,23,0,1
IN_B,1,1,0,24,0,1
IN_B,1,1,0,25,0,1
IN_B,1,1,0,26,0,1
IN_B,1,1,0,27,0,1
IN_B,1,1,0,28,0,1
IN_B,1,1,0,29,0,1
IN_B,1,1,0,30,0,1
IN_B,1,1,0,31,0,1
IN_B,1,1,0,32,0,1
IN_B,1,1,0,33,0,1
IN_B,1,1,0,34,0,1
IN_B,1,1,0,35,0,1
IN_B,1,1,0,36,0,1
IN_B,1,1,0,37,0,1
IN_B,1,1,0,38,0,1
IN_B,1,1,0,39,0,1
IN_B,1,1,0,40,0,1
IN_B,1,1,0,41,0,1
IN_B,1,1,0,42,0,1
IN_B,1,1,0,43,0,1
IN_B,1,1,0,44,0,1
IN_B,1,1,0,45,0,1
IN_B,1,1,0,46,0,1
IN_B,1,1,0,47,0,1
IN_B,1,1,0,48,0,1
IN_B,1,1,0,49,0,1
IN_B,1,1,0,50,0,1
IN_B,1,1,0,51,0,1
IN_B,1,1,0,52,0,1
IN_B,1,1,0,53,0,1
IN_B,1,1,0,54,0,1
IN_B,1,1,0,55,0,1
IN_B,1,1,0,56,0,1
IN_B,1,1,0,57,0,1
IN_B,1,1,0,58,0,1
IN_B,1,1,0,59,0,1
IN_B,1,1,0,60,0,1
IN_B,1,1,0,61,0,1
IN_B,1,1,0,62,0,1
IN_B,1,1,0,63,0,1
MUL_B,2,0,32,65,1,1
MUL_B,2,1,32,66,1,1
MUL_B,2,2,32,67,1,1
MUL_B,2,3,32,68,1,1
MUL_B,2,4,32,69,1,1
MUL_B,2,5,32,70,1,1
MUL_B,2,6,32,71,1,1
MUL_B,2,7,32,72,1,1
MUL_B,2,8,32,73,1,1
MUL_B,2,9,32,74,1,1
MUL_B,2,10,32,75,1,1
MUL_B,2,11,32,76,1,1
MUL_B,2,12,32,77,1,1
MUL_B,2,13,32,78,1,1
MUL_B,2,14,32,79,1,1
MUL_B,2,15,32,80,1,1
MUL_B,2,16,32,81,1,1
MUL_B,2,17,32,82,1,1
MUL_B,2,18,32,83,1,1
MUL_B,2,19,32,84,1,1
MUL_B,2,20,32,85,1,1
MUL_B,2,21,32,86,1,1
MUL_B,2,22,32,87,1,1
MUL_B,2,23,32,88,1,1
MUL_B,2,24,32,89,1,1
MUL_B,2,25,32,90,1,1
MUL_B,2,26,32,91,1,1
MUL_B,2,27,32,92,1,1
MUL_B,2,28,32,93,1,1
MUL_B,2,29,32,94,1,1
MUL_B,2,30,32,95,1,1
MUL_B,2,31,32,96,1,1
MUL_B,2,0,33,97,1,1
MUL_B,2,1,33,98,1,1
MUL_B,2,2,33,99,1,1
MUL_B,2,3,33,100,1,1
MUL_B,2,4,33,101,1,1
MUL_B,2,5,33,102,1,1
MUL_B,2,6,33,103,1,1
MUL_B,2,7,33,104,1,1
MUL_B,2,8,33,105,1,1
MUL_B,2,9,33,106,1,1
MUL_B,2,10,33,107,1,1
MUL_B,2,11,33,108,1,1
MUL_B,2,12,33,109,1,1
MUL_B,2,13,33,110,1,1
MUL_B,2,14,33,111,1,1
MUL_B,2,15,33,112,1,1
MUL_B,2,16,33,113,1,1
MUL_B,2,17,33,114,1,1
MUL_B,2,18,33,115,1,1
MUL_B,2,19,33,116,1,1
MUL_B,2,20,33,117,1,1
MUL_B,2,21,33,118,1,1
MUL_B,2,22,33,119,1,1
MUL_B,2,23,33,120,1,1
MUL_B,2,24,33,121,1,1
MUL_B,2,25,33,122,1,1
MUL_B,2,26,33,123,1,1
MUL_B,2,27,33,124,1,1
MUL_B,2,28,33,125,1,1
MUL_B,2,29,33,126,1,1
MUL_B,2,30,33,127,1,1
MUL_B,2,0,34,128,1,1
MUL_B,2,1,34,129,1,1
MUL_B,2,2,34,130,1,1
MUL_B,2,3,34,131,1,1
MUL_B,2,4,34,132,1,1
MUL_B,2,5,34,133,1,1
MUL_B,2,6,34,134,1,1
MUL_B,2,7,34,135,1,1
MUL_B,2,8,34,136,1,1
MUL_B,2,9,34,137,1,1
MUL_B,2,10,34,138,1,1
MUL_B,2,11,34,139,1,1
MUL_B,2,12,34,140,1,1
MUL_B,2,13,34,141,1,1
MUL_B,2,14,34,142,1,1
MUL_B,2,15,34,143,1,1
MUL_B,2,16,34,144,1,1
MUL_B,2,17,34,145,1,1
MUL_B,2,18,34,146,1,1
MUL_B,2,19,34,147,1,1
MUL_B,2,20,34,148,1,1
MUL_B,2,21,34,149,1,1
MUL_B,2,22,34,150,1,1
MUL_B,2,23,34,151,1,1
MUL_B,2,24,34,152,1,1
MUL_B,2,25,34,153,1,1
MUL_B,2,26,34,154,1,1
MUL_B,2,27,34,155,1,1
MUL_B,2,28,34,156,1,1
MUL_B,2,29,34,157,1,1
MUL_B,2,0,35,158,1,1
MUL_B,2,1,35,159,1,1
MUL_B,2,2,35,160,1,1
MUL_B,2,3,35,161,1,1
MUL_B,2,4,35,162,1,1
MUL_B,2,5,35,163,1,1
MUL_B,2,6,35,164,1,1
MUL_B,2,7,35,165,1,1
MUL_B,2,8,35,166,1,1
MUL_B,2,9,35,167,1,1
MUL_B,2,10,35,168,1,1
MUL_B,2,11,35,169,1,1
MUL_B,2,12,35,170,1,1
MUL_B,2,13,35,171,1,1
MUL_B,2,14,35,172,1,1
MUL_B,2,15,35,173,1,1
MUL_B,2,16,35,174,1,1
MUL_B,2,17,35,175,1,1
MUL_B,2,18,35,176,1,1
MUL_B,2,19,35,177,1,1
MUL_B,2,20,35,178,1,1
MUL_B,2,21,35,179,1,1
MUL_B,2,22,35,180,1,1
MUL_B,2,23,35,181,1,1
MUL_B,2,24,35,182,1,1
MUL_B,2,25,35,183,1,1
MUL_B,2,26,35,184,1,1
MUL_B,2,27,35,185,1,1
MUL_B,2,28,35,186,1,1
MUL_B,2,0,36,187,1,1
MUL_B,2,1,36,188,1,1
MUL_B,2,2,36,189,1,1
MUL_B,2,3,36,190,1,1
MUL_B,2,4,36,191,1,1
MUL_B,2,5,36,192,1,1
MUL_B,2,6,36,193,1,1
MUL_B,2,7,36,194,1,1
MUL_B,2,8,36,195,1,1
MUL_B,2,9,36,196,1,1
MUL_B,2,10,36,197,1,1
MUL_B,2,11,36,198,1,1
MUL_B,2,12,36,199,1,1
MUL_B,2,13,36,200,1,1
MUL_B,2,14,36,201,1,1
MUL_B,2,15,36,202,1,1
MUL_B,2,16,36,203,1,1
MUL_B,2,17,36,204,1,1
MUL_B,2,18,36,205,1,1
MUL_B,2,19,36,206,1,1
MUL_B,2,20,36,207,1,1
MUL_B,2,21,36,208,1,1
MUL_B,2,22,36,209,1,1
MUL_B,2,23,36,210,1,1
MUL_B,2,24,36,211,1,1
MUL_B,2,25,36,212,1,1
MUL_B,2,26,36,213,1,1
MUL_B,2,27,36,214,1,1
MUL_B,2,0,37,215,1,1
MUL_B,2,1,37,216,1,1
MUL_B,2,2,37,217,1,1
MUL_B,2,3,37,218,1,1
MUL_B,2,4,37,219,1,1
MUL_B,2,5,37,220,1,1
MUL_B,2,6,37,221,1,1
MUL_B,2,7,37,222,1,1
MUL_B,2,8,37,223,1,1
MUL_B,2,9,37,224,1,1
MUL_B,2,10,37,225,1,1
MUL_B,2,11,37,226,1,1
MUL_B,2,12,37,227,1,1
MUL_B,2,13,37,228,1,1
MUL_B,2,14,37,229,1,1
MUL_B,2,15,37,230,1,1
MUL_B,2,16,37,231,1,1
MUL_B,2,17,37,232,1,1
MUL_B,2,18,37,233,1,1
MUL_B,2,19,37,234,1,1
MUL_B,2,20,37,235,1,1
MUL_B,2,21,37,236,1,1
MUL_B,2,22,37,237,1,1
MUL_B,2,23,37,238,1,1
MUL_B,2,24,37,239,1,1
MUL_B,2,25,37,240,1,1
MUL_B,2,26,37,241,1,1
MUL_B,2,0,38,242,1,1
MUL_B,2,1,38,243,1,1
MUL_B,2,2,38,244,1,1
MUL_B,2,3,38,245,1,1
MUL_B,2,4,38,246,1,1
MUL_B,2,5,38,247,1,1
MUL_B,2,6,38,248,1,1
MUL_B,2,7,38,249,1,1
MUL_B,2,8,38,250,1,1
MUL_B,2,9,38,251,1,1
MUL_B,2,10,38,252,1,1
MUL_B,2,11,38,253,1,1
MUL_B,2,12,38,254,1,1
MUL_B,2,13,38,255,1,1
MUL_B,2,14,38,256,1,1
MUL_B,2,15,38,257,1,1
MUL_B,2,16,38,258,1,1
MUL_B,2,17,38,259,1,1
MUL_B,2,18,38,260,1,1
MUL_B,2,19,38,261,1,1
MUL_B,2,20,38,262,1,1
MUL_B,2,21,38,263,1,1
MUL_B,2,22,38,264,1,1
MUL_B,2,23,38,265,1,1
MUL_B,2,24,38,266,1,1
MUL_B,2,25,38,267,1,1
MUL_B,2,0,39,268,1,1
MUL_B,2,1,39,269,1,1
MUL_B,2,2,39,270,1,1
MUL_B,2,3,39,271,1,1
MUL_B,2,4,39,272,1,1
MUL_B,2,5,39,273,1,1
MUL_B,2,6,39,274,1,1
MUL_B,2,7,39,275,1,1
MUL_B,2,8,39,276,1,1
MUL_B,2,9,39,277,1,1
MUL_B,2,10,39,278,1,1
MUL_B,2,11,39,279,1,1
MUL_B,2,12,39,280,1,1
MUL_B,2,13,39,281,1,1
MUL_B,2,14,39,282,1,1
MUL_B,2,15,39,283,1,1
MUL_B,2,16,39,284,1,1
MUL_B,2,17,39,285,1,1
MUL_B,2,18,39,286,1,1
MUL_B,2,19,39,287,1,1
MUL_B,2,20,39,288,1,1
MUL_B,2,21,39,289,1,1
MUL_B,2,22,39,290,1,1
MUL_B,2,23,39,291,1,1
MUL_B,2,24,39,292,1,1
MUL_B,2,0,40,293,1,1
MUL_B,2,1,40,294,1,1
MUL_B,2,2,40,295,1,1
MUL_B,2,3,40,296,1,1
MUL_B,2,4,40,297,1,1
MUL_B,2,5,40,298,1,1
MUL_B,2,6,40,299,1,1
MUL_B,2,7,40,300,1,1
MUL_B,2,8,40,301,1,1
MUL_B,2,9,40,302,1,1
MUL_B,2,10,40,303,1,1
MUL_B,2,11,40,304,1,1
MUL_B,2,12,40,305,1,1
MUL_B,2,13,40,306,1,1
MUL_B,2,14,40,307,1,1
MUL_B,2,15,40,308,1,1
MUL_B,2,16,40,309,1,1
MUL_B,2,17,40,310,1,1
MUL_B,2,18,40,311,1,1
MUL_B,2,19,40,312,1,1
MUL_B,2,20,40,313,1,1
MUL_B,2,21,40,314,1,1
MUL_B,2,22,40,315,1,1
MUL_B,2,23,40,316,1,1
MUL_B,2,0,41,317,1,1
MUL_B,2,1,41,318,1,1
MUL_B,2,2,41,319,1,1
MUL_B,2,3,41,320,1,1
MUL_B,2,4,41,321,1,1
MUL_B,2,5,41,322,1,1
MUL_B,2,6,41,323,1,1
MUL_B,2,7,41,324,1,1
MUL_B,2,8,41,325,1,1
MUL_B,2,9,41,326,1,1
MUL_B,2,10,41,327,1,1
MUL_B,2,11,41,328,1,1
MUL_B,2,12,41,329,1,1
MUL_B,2,13,41,330,1,1
MUL_B,2,14,41,331,1,1
MUL_B,2,15,41,332,1,1
MUL_B,2,16,41,333,1,1
MUL_B,2,17,41,334,1,1
MUL_B,2,18,41,335,1,1
MUL_B,2,19,41,336,1,1
MUL_B,2,20,41,337,1,1
MUL_B,2,21,41,338,1,1
MUL_B,2,22,41,339,1,1
MUL_B,2,0,42,340,1,1
MUL_B,2,1,42,341,1,1
MUL_B,2,2,42,342,1,1
MUL_B,2,3,42,343,1,1
MUL_B,2,4,42,344,1,1
MUL_B,2,5,42,345,1,1
MUL_B,2,6,42,346,1,1
MUL_B,2,7,42,347,1,1
MUL_B,2,8,42,348,1,1
MUL_B,2,9,42,349,1,1
MUL_B,2,10,42,350,1,1
MUL_B,2,11,42,351,1,1
MUL_B,2,12,42,352,1,1
MUL_B,2,13,42,353,1,1
MUL_B,2,14,42,354,1,1
MUL_B,2,15,42,355,1,1
MUL_B,2,16,42,356,1,1
MUL_B,2,17,42,357,1,1
MUL_B,2,18,42,358,1,1
MUL_B,2,19,42,359,1,1
MUL_B,2,20,42,360,1,1
MUL_B,2,21,42,361,1,1
MUL_B,2,0,43,362,1,1
MUL_B,2,1,43,363,1,1
MUL_B,2,2,43,364,1,1
MUL_B,2,3,43,365,1,1
MUL_B,2,4,43,366,1,1
MUL_B,2,5,43,367,1,1
MUL_B,2,6,43,368,1,1
MUL_B,2,7,43,369,1,1
MUL_B,2,8,43,370,1,1
MUL_B,2,9,43,371,1,1
MUL_B,2,10,43,372,1,1
MUL_B,2,11,43,373,1,1
MUL_B,2,12,43,374,1,1
MUL_B,2,13,43,375,1,1
MUL_B,2,14,43,376,1,1
MUL_B,2,15,43,377,1,1
MUL_B,2,16,43,378,1,1
MUL_B,2,17,43,379,1,1
MUL_B,2,18,43,380,1,1
MUL_B,2,19,43,381,1,1
MUL_B,2,20,43,382,1,1
MUL_B,2,0,44,383,1,1
MUL_B,2,1,44,384,1,1
MUL_B,2,2,44,385,1,1
MUL_B,2,3,44,386,1,1
MUL_B,2,4,44,387,1,1
MUL_B,2,5,44,388,1,1
MUL_B,2,6,44,389,1,1
MUL_B,2,7,44,390,1,1
MUL_B,2,8,44,391,1,1
MUL_B,2,9,44,392,1,1
MUL_B,2,10,44,393,1,1
MUL_B,2,11,44,394,1,1
MUL_B,2,12,44,395,1,1
MUL_B,2,13,44,396,1,1
MUL_B,2,14,44,397,1,1
MUL_B,2,15,44,398,1,1
MUL_B,2,16,44,399,1,1
MUL_B,2,17,44,400,1,1
MUL_B,2,18,44,401,1,1
MUL_B,2,19,44,402,1,1
MUL_B,2,0,45,403,1,1
MUL_B,2,1,45,404,1,1
MUL_B,2,2,45,405,1,1
MUL_B,2,3,45,406,1,1
MUL_B,2,4,45,407,1,1
MUL_B,2,5,45,408,1,1
MUL_B,2,6,45,409,1,1
MUL_B,2,7,45,410,1,1
MUL_B,2,8,45,411,1,1
MUL_B,2,9,45,412,1,1
MUL_B,2,10,45,413,1,1
MUL_B,2,11,45,414,1,1
MUL_B,2,12,45,415,1,1
MUL_B,2,13,45,416,1,1
MUL_B,2,14,45,417,1,1
MUL_B,2,15,45,418,1,1
MUL_B,2,16,45,419,1,1
MUL_B,2,17,45,420,1,1
MUL_B,2,18,45,421,1,1
MUL_B,2,0,46,422,1,1
MUL_B,2,1,46,423,1,1
MUL_B,2,2,46,424,1,1
MUL_B,2,3,46,425,1,1
MUL_B,2,4,46,426,1,1
MUL_B,2,5,46,427,1,1
MUL_B,2,6,46,428,1,1
MUL_B,2,7,46,429,1,1
MUL_B,2,8,46,430,1,1
MUL_B,2,9,46,431,1,1
MUL_B,2,10,46,432,1,1
MUL_B,2,11,46,433,1,1
MUL_B,2,12,46,434,1,1
MUL_B,2,13,46,435,1,1
MUL_B,2,14,46,436,1,1
MUL_B,2,15,46,437,1,1
MUL_B,2,16,46,438,1,1
MUL_B,2,17,46,439,1,1
MUL_B,2,0,47,440,1,1
MUL_B,2,1,47,441,1,1
MUL_B,2,2,47,442,1,1
MUL_B,2,3,47,443,1,1
MUL_B,2,4,47,444,1,1
MUL_B,2,5,47,445,1,1
MUL_B,2,6,47,446,1,1
MUL_B,2,7,47,447,1,1
MUL_B,2,8,47,448,1,1
MUL_B,2,9,47,449,1,1
MUL_B,2,10,47,450,1,1
MUL_B,2,11,47,451,1,1
MUL_B,2,12,47,452,1,1
MUL_B,2,13,47,453,1,1
MUL_B,2,14,47,454,1,1
MUL_B,2,15,47,455,1,1
MUL_B,2,16,47,456,1,1
MUL_B,2,0,48,457,1,1
MUL_B,2,1,48,458,1,1
MUL_B,2,2,48,459,1,1
MUL_B,2,3,48,460,1,1
MUL_B,2,4,48,461,1,1
MUL_B,2,5,48,462,1,1
MUL_B,2,6,48,463,1,1
MUL_B,2,7,48,464,1,1
MUL_B,2,8,48,465,1,1
MUL_B,2,9,48,466,1,1
MUL_B,2,10,48,467,1,1
MUL_B,2,11,48,468,1,1
MUL_B,2,12,48,469,1,1
MUL_B,2,13,48,470,1,1
MUL_B,2,14,48,471,1,1
MUL_B,2,15,48,472,1,1
MUL_B,2,0,49,473,1,1
MUL_B,2,1,49,474,1,1
MUL_B,2,2,49,475,1,1
MUL_B,2,3,49,476,1,1
MUL_B,2,4,49,477,1,1
MUL_B,2,5,49,478,1,1
MUL_B,2,6,49,479,1,1
MUL_B,2,7,49,480,1,1
MUL_B,2,8,49,481,1,1
MUL_B,2,9,49,482,1,1
MUL_B,2,10,49,483,1,1
MUL_B,2,11,49,484,1,1
MUL_B,2,12,49,485,1,1
MUL_B,2,13,49,486,1,1
MUL_B,2,14,49,487,1,1
MUL_B,2,0,50,488,1,1
MUL_B,2,1,50,489,1,1
MUL_B,2,2,50,490,1,1
MUL_B,2,3,50,491,1,1
MUL_B,2,4,50,492,1,1
MUL_B,2,5,50,493,1,1
MUL_B,2,6,50,494,1,1
MUL_B,2,7,50,495,1,1
MUL_B,2,8,50,496,1,1
MUL_B,2,9,50,497,1,1
MUL_B,2,10,50,498,1,1
MUL_B,2,11,50,499,1,1
MUL_B,2,12,50,500,1,1
MUL_B,2,13,50,501,1,1
MUL_B,2,0,51,502,1,1
MUL_B,2,1,51,503,1,1
MUL_B,2,2,51,504,1,1
MUL_B,2,3,51,505,1,1
MUL_B,2,4,51,506,1,1
MUL_B,2,5,51,507,1,1
MUL_B,2,6,51,508,1,1
MUL_B,2,7,51,509,1,1
MUL_B,2,8,51,510,1,1
MUL_B,2,9,51,511,1,1
MUL_B,2,10,51,512,1,1
MUL_B,2,11,51,513,1,1
MUL_B,2,12,51,514,1,1
MUL_B,2,0,52,515,1,1
MUL_B,2,1,52,516,1,1
MUL_B,2,2,52,517,1,1
MUL_B,2,3,52,518,1,1
MUL_B,2,4,52,519,1,1
MUL_B,2,5,52,520,1,1
MUL_B,2,6,52,521,1,1
MUL_B,2,7,52,522,1,1
MUL_B,2,8,52,523,1,1
MUL_B,2,9,52,524,1,1
MUL_B,2,10,52,525,1,1
MUL_B,2,11,52,526,1,1
MUL_B,2,0,53,527,1,1
MUL_B,2,1,53,528,1,1
MUL_B,2,2,53,529,1,1
MUL_B,2,3,53,530,1,1
MUL_B,2,4,53,531,1,1
MUL_B,2,5,53,532,1,1
MUL_B,2,6,53,533,1,1
MUL_B,2,7,53,534,1,1
MUL_B,2,8,53,535,1,1
MUL_B,2,9,53,536,1,1
MUL_B,2,10,53,537,1,1
MUL_B,2,0,54,538,1,1
MUL_B,2,1,54,539,1,1
MUL_B,2,2,54,540,1,1
MUL_B,2,3,54,541,1,1
MUL_B,2,4,54,542,1,1
MUL_B,2,5,54,543,1,1
MUL_B,2,6,54,544,1,1
MUL_B,2,7,54,545,1,1
MUL_B,2,8,54,546,1,1
MUL_B,2,9,54,547,1,1
MUL_B,2,0,55,548,1,1
MUL_B,2,1,55,549,1,1
MUL_B,2,2,55,550,1,1
MUL_B,2,3,55,551,1,1
MUL_B,2,4,55,552,1,1
MUL_B,2,5,55,553,1,1
MUL_B,2,6,55,554,1,1
MUL_B,2,7,55,555,1,1
MUL_B,2,8,55,556,1,1
MUL_B,2,0,56,557,1,1
MUL_B,2,1,56,558,1,1
MUL_B,2,2,56,559,1,1
MUL_B,2,3,56,560,1,1
MUL_B,2,4,56,561,1,1
MUL_B,2,5,56,562,1,1
MUL_B,2,6,56,563,1,1
MUL_B,2,7,56,564,1,1
MUL_B,2,0,57,565,1,1
MUL_B,2,1,57,566,1,1
MUL_B,2,2,57,567,1,1
MUL_B,2,3,57,568,1,1
MUL_B,2,4,57,569,1,1
MUL_B,2,5,57,570,1,1
MUL_B,2,6,57,571,1,1
MUL_B,2,0,58,572,1,1
MUL_B,2,1,58,573,1,1
MUL_B,2,2,58,574,1,1
MUL_B,2,3,58,575,1,1
MUL_B,2,4,58,576,1,1
MUL_B,2,5,58,577,1,1
MUL_B,2,0,59,578,1,1
MUL_B,2,1,59,579,1,1
MUL_B,2,2,59,580,1,1
MUL_B,2,3,59,581,1,1
MUL_B,2,4,59,582,1,1
MUL_B,2,0,60,583,1,1
MUL_B,2,1,60,584,1,1
MUL_B,2,2,60,585,1,1
MUL_B,2,3,60,586,1,1
MUL_B,2,0,61,587,1,1
MUL_B,2,1,61,588,1,1
MUL_B,2,2,61,589,1,1
MUL_B,2,0,62,590,1,1
MUL_B,2,1,62,591,1,1
MUL_B,2,0,63,592,1,1
MUL_B,2,594,595,596,2,1
MUL_B,2,598,599,600,3,1
MUL_B,2,602,603,604,4,1
MUL_B,2,606,607,608,5,1
MUL_B,2,610,611,612,6,1
MUL_B,2,614,615,616,7,1
MUL_B,2,618,619,620,8,1
MUL_B,2,622,623,624,9,1
MUL_B,2,626,627,628,10,1
MUL_B,2,630,631,632,11,1
MUL_B,2,634,635,636,12,1
MUL_B,2,638,639,640,13,1
MUL_B,2,642,643,644,14,1
MUL_B,2,646,647,648,15,1
MUL_B,2,650,651,652,16,1
MUL_B,2,654,655,656,17,1
MUL_B,2,658,659,660,18,1
MUL_B,2,662,663,664,19,1
MUL_B,2,666,667,668,20,1
MUL_B,2,670,671,672,21,1
MUL_B,2,674,675,676,22,1
MUL_B,2,678,679,680,23,1
MUL_B,2,682,683,684,24,1
MUL_B,2,686,687,688,25,1
MUL_B,2,690,691,692,26,1
MUL_B,2,694,695,696,27,1
MUL_B,2,698,699,700,28,1
MUL_B,2,702,703,704,29,1
MUL_B,2,706,707,708,30,1
MUL_B,2,710,711,712,31,1
MUL_B,2,714,715,716,32,1
MUL_B,2,783,784,785,0,1
MUL_B,2,787,788,789,1,1
MUL_B,2,791,792,793,2,1
MUL_B,2,795,796,797,3,1
MUL_B,2,799,800,801,4,1
MUL_B,2,803,804,805,5,1
MUL_B,2,807,808,809,6,1
MUL_B,2,811,812,813,7,1
MUL_B,2,815,816,817,8,1
MUL_B,2,819,820,821,9,1
MUL_B,2,823,824,825,10,1
MUL_B,2,827,828,829,11,1
MUL_B,2,831,832,833,12,1
MUL_B,2,835,836,837,13,1
MUL_B,2,839,840,841,14,1
MUL_B,2,843,844,845,15,1
MUL_B,2,847,848,849,16,1
MUL_B,2,851,852,853,17,1
MUL_B,2,855,856,857,18,1
MUL_B,2,859,860,861,19,1
MUL_B,2,863,864,865,20,1
MUL_B,2,867,868,869,21,1
MUL_B,2,871,872,873,22,1
MUL_B,2,875,876,877,23,1
MUL_B,2,879,880,881,24,1
MUL_B,2,883,884,885,25,1
MUL_B,2,887,888,889,26,1
MUL_B,2,891,892,893,27,1
MUL_B,2,895,896,897,28,1
MUL_B,2,899,900,901,29,1
MUL_B,2,903,904,905,30,1
MUL_B,2,972,973,974,0,1
MUL_B,2,976,977,978,1,1
MUL_B,2,980,981,982,2,1
MUL_B,2,984,985,986,3,1
MUL_B,2,988,989,990,4,1
MUL_B,2,992,993,994,5,1
MUL_B,2,996,997,998,6,1
MUL_B,2,1000,1001,1002,7,1
MUL_B,2,1004,1005,1006,8,1
MUL_B,2,1008,1009,1010,9,1
MUL_B,2,1012,1013,1014,10,1
MUL_B,2,1016,1017,1018,11,1
MUL_B,2,1020,1021,1022,12,1
MUL_B,2,1024,1025,1026,13,1
MUL_B,2,1028,1029,1030,14,1
MUL_B,2,1032,1033,1034,15,1
MUL_B,2,1036,1037,1038,16,1
MUL_B,2,1040,1041,1042,17,1
MUL_B,2,1044,1045,1046,18,1
MUL_B,2,1048,1049,1050,19,1
MUL_B,2,1052,1053,1054,20,1
MUL_B,2,1056,1057,1058,21,1
MUL_B,2,1060,1061,1062,22,1
MUL_B,2,1064,1065,1066,23,1
MUL_B,2,1068,1069,1070,24,1
MUL_B,2,1072,1073,1074,25,1
MUL_B,2,1076,1077,1078,26,1
MUL_B,2,1080,1081,1082,27,1
MUL_B,2,1084,1085,1086,28,1
MUL_B,2,1088,1089,1090,29,1
MUL_B,2,1092,1093,1094,30,1
MUL_B,2,1161,1162,1163,0,1
MUL_B,2,1165,1166,1167,1,1
MUL_B,2,1169,1170,1171,2,1
MUL_B,2,1173,1174,1175,3,1
MUL_B,2,1177,1178,1179,4,1
MUL_B,2,1181,1182,1183,5,1
MUL_B,2,1185,1186,1187,6,1
MUL_B,2,1189,1190,1191,7,1
MUL_B,2,1193,1194,1195,8,1
MUL_B,2,1197,1198,1199,9,1
MUL_B,2,1201,1202,1203,10,1
MUL_B,2,1205,1206,1207,11,1
MUL_B,2,1209,1210,1211,12,1
MUL_B,2,1213,1214,1215,13,1
MUL_B,2,1217,1218,1219,14,1
MUL_B,2,1221,1222,1223,15,1
MUL_B,2,1225,1226,1227,16,1
MUL_B,2,1229,1230,1231,17,1
MUL_B,2,1233,1234,1235,18,1
MUL_B,2,1237,1238,1239,19,1
MUL_B,2,1241,1242,1243,20,1
MUL_B,2,1245,1246,1247,21,1
MUL_B,2,1249,1250,1251,22,1
MUL_B,2,1253,1254,1255,23,1
MUL_B,2,1257,1258,1259,24,1
MUL_B,2,1261,1262,1263,25,1
MUL_B,2,1265,1266,1267,26,1
MUL_B,2,1269,1270,1271,27,1
MUL_B,2,1273,1274,1275,28,1
MUL_B,2,1277,1278,1279,29,1
MUL_B,2,1281,1282,1283,30,1
MUL_B,2,1350,1351,1352,0,1
MUL_B,2,1354,1355,1356,1,1
MUL_B,2,1358,1359,1360,2,1
MUL_B,2,1362,1363,1364,3,1
MUL_B,2,1366,1367,1368,4,1
MUL_B,2,1370,1371,1372,5,1
MUL_B,2,1374,1375,1376,6,1
MUL_B,2,1378,1379,1380,7,1
MUL_B,2,1382,1383,1384,8,1
MUL_B,2,1386,1387,1388,9,1
MUL_B,2,1390,1391,1392,10,1
MUL_B,2,1394,1395,1396,11,1
MUL_B,2,1398,1399,1400,12,1
MUL_B,2,1402,1403,1404,13,1
MUL_B,2,1406,1407,1408,14,1
MUL_B,2,1410,1411,1412,15,1
MUL_B,2,1414,1415,1416,16,1
MUL_B,2,1418,1419,1420,17,1
MUL_B,2,1422,1423,1424,18,1
MUL_B,2,1426,1427,1428,19,1
MUL_B,2,1430,1431,1432,20,1
MUL_B,2,1434,1435,1436,21,1
MUL_B,2,1438,1439,1440,22,1
MUL_B,2,1442,1443,1444,23,1
MUL_B,2,1446,1447,1448,24,1
MUL_B,2,1450,1451,1452,25,1
MUL_B,2,1454,1455,1456,26,1
MUL_B,2,1458,1459,1460,27,1
MUL_B,2,1462,1463,1464,28,1
MUL_B,2,1466,1467,1468,29,1
MUL_B,2,1470,1471,1472,30,1
MUL_B,2,1539,1540,1541,0,1
MUL_B,2,1543,1544,1545,1,1
MUL_B,2,1547,1548,1549,2,1
MUL_B,2,1551,1552,1553,3,1
MUL_B,2,1555,1556,1557,4,1
MUL_B,2,1559,1560,1561,5,1
MUL_B,2,1563,1564,1565,6,1
MUL_B,2,1567,1568,1569,7,1
MUL_B,2,1571,1572,1573,8,1
MUL_B,2,1575,1576,1577,9,1
MUL_B,2,1579,1580,1581,10,1
MUL_B,2,1583,1584,1585,11,1
MUL_B,2,1587,1588,1589,12,1
MUL_B,2,1591,1592,1593,13,1
MUL_B,2,1595,1596,1597,14,1
MUL_B,2,1599,1600,1601,15,1
MUL_B,2,1603,1604,1605,16,1
MUL_B,2,1607,1608,1609,17,1
MUL_B,2,1611,1612,1613,18,1
MUL_B,2,1615,1616,1617,19,1
MUL_B,2,1619,1620,1621,20,1
MUL_B,2,1623,1624,1625,21,1
MUL_B,2,1627,1628,1629,22,1
MUL_B,2,1631,1632,1633,23,1
MUL_B,2,1635,1636,1637,24,1
MUL_B,2,1639,1640,1641,25,1
MUL_B,2,1643,1644,1645,26,1
MUL_B,2,1647,1648,1649,27,1
MUL_B,2,1651,1652,1653,28,1
MUL_B,2,1655,1656,1657,29,1
MUL_B,2,1659,1660,1661,30,1
MUL_B,2,1728,1729,1730,0,1
MUL_B,2,1732,1733,1734,1,1
MUL_B,2,1736,1737,1738,2,1
MUL_B,2,1740,1741,1742,3,1
MUL_B,2,1744,1745,1746,4,1
MUL_B,2,1748,1749,1750,5,1
MUL_B,2,1752,1753,1754,6,1
MUL_B,2,1756,1757,1758,7,1
MUL_B,2,1760,1761,1762,8,1
MUL_B,2,1764,1765,1766,9,1
MUL_B,2,1768,1769,1770,10,1
MUL_B,2,1772,1773,1774,11,1
MUL_B,2,1776,1777,1778,12,1
MUL_B,2,1780,1781,1782,13,1
MUL_B,2,1784,1785,1786,14,1
MUL_B,2,1788,1789,1790,15,1
MUL_B,2,1792,1793,1794,16,1
MUL_B,2,1796,1797,1798,17,1
MUL_B,2,1800,1801,1802,18,1
MUL_B,2,1804,1805,1806,19,1
MUL_B,2,1808,1809,1810,20,1
MUL_B,2,1812,1813,1814,21,1
MUL_B,2,1816,1817,1818,22,1
MUL_B,2,1820,1821,1822,23,1
MUL_B,2,1824,1825,1826,24,1
MUL_B,2,1828,1829,1830,25,1
MUL_B,2,1832,1833,1834,26,1
MUL_B,2,1836,1837,1838,27,1
MUL_B,2,1840,1841,1842,28,1
MUL_B,2,1844,1845,1846,29,1
MUL_B,2,1848,1849,1850,30,1
MUL_B,2,1917,1918,1919,0,1
MUL_B,2,1921,1922,1923,1,1
MUL_B,2,1925,1926,1927,2,1
MUL_B,2,1929,1930,1931,3,1
MUL_B,2,1933,1934,1935,4,1
MUL_B,2,1937,1938,1939,5,1
MUL_B,2,1941,1942,1943,6,1
MUL_B,2,1945,1946,1947,7,1
MUL_B,2,1949,1950,1951,8,1
MUL_B,2,1953,1954,1955,9,1
MUL_B,2,1957,1958,1959,10,1
MUL_B,2,1961,1962,1963,11,1
MUL_B,2,1965,1966,1967,12,1
MUL_B,2,1969,1970,1971,13,1
MUL_B,2,1973,1974,1975,14,1
MUL_B,2,1977,1978,1979,15,1
MUL_B,2,1981,1982,1983,16,1
MUL_B,2,1985,1986,1987,17,1
MUL_B,2,1989,1990,1991,18,1
MUL_B,2,1993,1994,1995,19,1
MUL_B,2,1997,1998,1999,20,1
MUL_B,2,2001,2002,2003,21,1
MUL_B,2,2005,2006,2007,22,1
MUL_B,2,2009,2010,2011,23,1
MUL_B,2,2013,2014,2015,24,1
MUL_B,2,2017,2018,2019,25,1
MUL_B,2,2021,2022,2023,26,1
MUL_B,2,2025,2026,2027,27,1
MUL_B,2,2029,2030,2031,28,1
MUL_B,2,2033,2034,2035,29,1
MUL_B,2,2037,2038,2039,30,1
MUL_B,2,2106,2107,2108,0,1
MUL_B,2,2110,2111,2112,1,1
MUL_B,2,2114,2115,2116,2,1
MUL_B,2,2118,2119,2120,3,1
MUL_B,2,2122,2123,2124,4,1
MUL_B,2,2126,2127,2128,5,1
MUL_B,2,2130,2131,2132,6,1
MUL_B,2,2134,2135,2136,7,1
MUL_B,2,2138,2139,2140,8,1
MUL_B,2,2142,2143,2144,9,1
MUL_B,2,2146,2147,2148,10,1
MUL_B,2,2150,2151,2152,11,1
MUL_B,2,2154,2155,2156,12,1
MUL_B,2,2158,2159,2160,13,1
MUL_B,2,2162,2163,2164,14,1
MUL_B,2,2166,2167,2168,15,1
MUL_B,2,2170,2171,2172,16,1
MUL_B,2,2174,2175,2176,17,1
MUL_B,2,2178,2179,2180,18,1
MUL_B,2,2182,2183,2184,19,1
MUL_B,2,2186,2187,2188,20,1
MUL_B,2,2190,2191,2192,21,1
MUL_B,2,2194,2195,2196,22,1
MUL_B,2,2198,2199,2200,23,1
MUL_B,2,2202,2203,2204,24,1
MUL_B,2,2206,2207,2208,25,1
MUL_B,2,2210,2211,2212,26,1
MUL_B,2,2214,2215,2216,27,1
MUL_B,2,2218,2219,2220,28,1
MUL_B,2,2222,2223,2224,29,1
MUL_B,2,2226,2227,2228,30,1
MUL_B,2,2295,2296,2297,0,1
MUL_B,2,2299,2300,2301,1,1
MUL_B,2,2303,2304,2305,2,1
MUL_B,2,2307,2308,2309,3,1
MUL_B,2,2311,2312,2313,4,1
MUL_B,2,2315,2316,2317,5,1
MUL_B,2,2319,2320,2321,6,1
MUL_B,2,2323,2324,2325,7,1
MUL_B,2,2327,2328,2329,8,1
MUL_B,2,2331,2332,2333,9,1
MUL_B,2,2335,2336,2337,10,1
MUL_B,2,2339,2340,2341,11,1
MUL_B,2,2343,2344,2345,12,1
MUL_B,2,2347,2348,2349,13,1
MUL_B,2,2351,2352,2353,14,1
MUL_B,2,2355,2356,2357,15,1
MUL_B,2,2359,2360,2361,16,1
MUL_B,2,2363,2364,2365,17,1
MUL_B,2,2367,2368,2369,18,1
MUL_B,2,2371,2372,2373,19,1
MUL_B,2,2375,2376,2377,20,1
MUL_B,2,2379,2380,2381,21,1
MUL_B,2,2383,2384,2385,22,1
MUL_B,2,2387,2388,2389,23,1
MUL_B,2,2391,2392,2393,24,1
MUL_B,2,2395,2396,2397,25,1
MUL_B,2,2399,2400,2401,26,1
MUL_B,2,2403,2404,2405,27,1
MUL_B,2,2407,2408,2409,28,1
MUL_B,2,2411,2412,2413,29,1
MUL_B,2,2415,2416,2417,30,1
MUL_B,2,2484,2485,2486,0,1
MUL_B,2,2488,2489,2490,1,1
MUL_B,2,2492,2493,2494,2,1
MUL_B,2,2496,2497,2498,3,1
MUL_B,2,2500,2501,2502,4,1
MUL_B,2,2504,2505,2506,5,1
MUL_B,2,2508,2509,2510,6,1
MUL_B,2,2512,2513,2514,7,1
MUL_B,2,2516,2517,2518,8,1
MUL_B,2,2520,2521,2522,9,1
MUL_B,2,2524,2525,2526,10,1
MUL_B,2,2528,2529,2530,11,1
MUL_B,2,2532,2533,2534,12,1
MUL_B,2,2536,2537,2538,13,1
MUL_B,2,2540,2541,2542,14,1
MUL_B,2,2544,2545,2546,15,1
MUL_B,2,2548,2549,2550,16,1
MUL_B,2,2552,2553,2554,17,1
MUL_B,2,2556,2557,2558,18,1
MUL_B,2,2560,2561,2562,19,1
MUL_B,2,2564,2565,2566,20,1
MUL_B,2,2568,2569,2570,21,1
MUL_B,2,2572,2573,2574,22,1
MUL_B,2,2576,2577,2578,23,1
MUL_B,2,2580,2581,2582,24,1
MUL_B,2,2584,2585,2586,25,1
MUL_B,2,2588,2589,2590,26,1
MUL_B,2,2592,2593,2594,27,1
MUL_B,2,2596,2597,2598,28,1
MUL_B,2,2600,2601,2602,29,1
MUL_B,2,2604,2605,2606,30,1
MUL_B,2,2673,2674,2675,0,1
MUL_B,2,2677,2678,2679,1,1
MUL_B,2,2681,2682,2683,2,1
MUL_B,2,2685,2686,2687,3,1
MUL_B,2,2689,2690,2691,4,1
MUL_B,2,2693,2694,2695,5,1
MUL_B,2,2697,2698,2699,6,1
MUL_B,2,2701,2702,2703,7,1
MUL_B,2,2705,2706,2707,8,1
MUL_B,2,2709,2710,2711,9,1
MUL_B,2,2713,2714,2715,10,1
MUL_B,2,2717,2718,2719,11,1
MUL_B,2,2721,2722,2723,12,1
MUL_B,2,2725,2726,2727,13,1
MUL_B,2,2729,2730,2731,14,1
MUL_B,2,2733,2734,2735,15,1
MUL_B,2,2737,2738,2739,16,1
MUL_B,2,2741,2742,2743,17,1
MUL_B,2,2745,2746,2747,18,1
MUL_B,2,2749,2750,2751,19,1
MUL_B,2,2753,2754,2755,20,1
MUL_B,2,2757,2758,2759,21,1
MUL_B,2,2761,2762,2763,22,1
MUL_B,2,2765,2766,2767,23,1
MUL_B,2,2769,2770,2771,24,1
MUL_B,2,2773,2774,2775,25,1
MUL_B,2,2777,2778,2779,26,1
MUL_B,2,2781,2782,2783,27,1
MUL_B,2,2785,2786,2787,28,1
MUL_B,2,2789,2790,2791,29,1
MUL_B,2,2793,2794,2795,30,1
MUL_B,2,2862,2863,2864,0,1
MUL_B,2,2866,2867,2868,1,1
MUL_B,2,2870,2871,2872,2,1
MUL_B,2,2874,2875,2876,3,1
MUL_B,2,2878,2879,2880,4,1
MUL_B,2,2882,2883,2884,5,1
MUL_B,2,2886,2887,2888,6,1
MUL_B,2,2890,2891,2892,7,1
MUL_B,2,2894,2895,2896,8,1
MUL_B,2,2898,2899,2900,9,1
MUL_B,2,2902,2903,2904,10,1
MUL_B,2,2906,2907,2908,11,1
MUL_B,2,2910,2911,2912,12,1
MUL_B,2,2914,2915,2916,13,1
MUL_B,2,2918,2919,2920,14,1
MUL_B,2,2922,2923,2924,15,1
MUL_B,2,2926,2927,2928,16,1
MUL_B,2,2930,2931,2932,17,1
MUL_B,2,2934,2935,2936,18,1
MUL_B,2,2938,2939,2940,19,1
MUL_B,2,2942,2943,2944,20,1
MUL_B,2,2946,2947,2948,21,1
MUL_B,2,2950,2951,2952,22,1
MUL_B,2,2954,2955,2956,23,1
MUL_B,2,2958,2959,2960,24,1
MUL_B,2,2962,2963,2964,25,1
MUL_B,2,2966,2967,2968,26,1
MUL_B,2,2970,2971,2972,27,1
MUL_B,2,2974,2975,2976,28,1
MUL_B,2,2978,2979,2980,29,1
MUL_B,2,2982,2983,2984,30,1
MUL_B,2,3051,3052,3053,0,1
MUL_B,2,3055,3056,3057,1,1
MUL_B,2,3059,3060,3061,2,1
MUL_B,2,3063,3064,3065,3,1
MUL_B,2,3067,3068,3069,4,1
MUL_B,2,3071,3072,3073,5,1
MUL_B,2,3075,3076,3077,6,1
MUL_B,2,3079,3080,3081,7,1
MUL_B,2,3083,3084,3085,8,1
MUL_B,2,3087,3088,3089,9,1
MUL_B,2,3091,3092,3093,10,1
MUL_B,2,3095,3096,3097,11,1
MUL_B,2,3099,3100,3101,12,1
MUL_B,2,3103,3104,3105,13,1
MUL_B,2,3107,3108,3109,14,1
MUL_B,2,3111,3112,3113,15,1
MUL_B,2,3115,3116,3117,16,1
MUL_B,2,3119,3120,3121,17,1
MUL_B,2,3123,3124,3125,18,1
MUL_B,2,3127,3128,3129,19,1
MUL_B,2,3131,3132,3133,20,1
MUL_B,2,3135,3136,3137,21,1
MUL_B,2,3139,3140,3141,22,1
MUL_B,2,3143,3144,3145,23,1
MUL_B,2,3147,3148,3149,24,1
MUL_B,2,3151,3152,3153,25,1
MUL_B,2,3155,3156,3157,26,1
MUL_B,2,3159,3160,3161,27,1
MUL_B,2,3163,3164,3165,28,1
MUL_B,2,3167,3168,3169,29,1
MUL_B,2,3171,3172,3173,30,1
MUL_B,2,3240,3241,3242,0,1
MUL_B,2,3244,3245,3246,1,1
MUL_B,2,3248,3249,3250,2,1
MUL_B,2,3252,3253,3254,3,1
MUL_B,2,3256,3257,3258,4,1
MUL_B,2,3260,3261,3262,5,1
MUL_B,2,3264,3265,3266,6,1
MUL_B,2,3268,3269,3270,7,1
MUL_B,2,3272,3273,3274,8,1
MUL_B,2,3276,3277,3278,9,1
MUL_B,2,3280,3281,3282,10,1
MUL_B,2,3284,3285,3286,11,1
MUL_B,2,3288,3289,3290,12,1
MUL_B,2,3292,3293,3294,13,1
MUL_B,2,3296,3297,3298,14,1
MUL_B,2,3300,3301,3302,15,1
MUL_B,2,3304,3305,3306,16,1
MUL_B,2,3308,3309,3310,17,1
MUL_B,2,3312,3313,3314,18,1
MUL_B,2,3316,3317,3318,19,1
MUL_B,2,3320,3321,3322,20,1
MUL_B,2,3324,3325,3326,21,1
MUL_B,2,3328,3329,3330,22,1
MUL_B,2,3332,3333,3334,23,1
MUL_B,2,3336,3337,3338,24,1
MUL_B,2,3340,3341,3342,25,1
MUL_B,2,3344,3345,3346,26,1
MUL_B,2,3348,3349,3350,27,1
MUL_B,2,3352,3353,3354,28,1
MUL_B,2,3356,3357,3358,29,1
MUL_B,2,3360,3361,3362,30,1
MUL_B,2,3429,3430,3431,0,1
MUL_B,2,3433,3434,3435,1,1
MUL_B,2,3437,3438,3439,2,1
MUL_B,2,3441,3442,3443,3,1
MUL_B,2,3445,3446,3447,4,1
MUL_B,2,3449,3450,3451,5,1
MUL_B,2,3453,3454,3455,6,1
MUL_B,2,3457,3458,3459,7,1
MUL_B,2,3461,3462,3463,8,1
MUL_B,2,3465,3466,3467,9,1
MUL_B,2,3469,3470,3471,10,1
MUL_B,2,3473,3474,3475,11,1
MUL_B,2,3477,3478,3479,12,1
MUL_B,2,3481,3482,3483,13,1
MUL_B,2,3485,3486,3487,14,1
MUL_B,2,3489,3490,3491,15,1
MUL_B,2,3493,3494,3495,16,1
MUL_B,2,3497,3498,3499,17,1
MUL_B,2,3501,3502,3503,18,1
MUL_B,2,3505,3506,3507,19,1
MUL_B,2,3509,3510,3511,20,1
MUL_B,2,3513,3514,3515,21,1
MUL_B,2,3517,3518,3519,22,1
MUL_B,2,3521,3522,3523,23,1
MUL_B,2,3525,3526,3527,24,1
MUL_B,2,3529,3530,3531,25,1
MUL_B,2,3533,3534,3535,26,1
MUL_B,2,3537,3538,3539,27,1
MUL_B,2,3541,3542,3543,28,1
MUL_B,2,3545,3546,3547,29,1
MUL_B,2,3549,3550,3551,30,1
MUL_B,2,3618,3619,3620,2,1
MUL_B,2,3622,3623,3624,3,1
MUL_B,2,3626,3627,3628,4,1
MUL_B,2,3630,3631,3632,5,1
MUL_B,2,3634,3635,3636,6,1
MUL_B,2,3638,3639,3640,7,1
MUL_B,2,3642,3643,3644,8,1
MUL_B,2,3646,3647,3648,9,1
MUL_B,2,3650,3651,3652,10,1
MUL_B,2,3654,3655,3656,11,1
MUL_B,2,3658,3659,3660,12,1
MUL_B,2,3662,3663,3664,13,1
MUL_B,2,3666,3667,3668,14,1
MUL_B,2,3670,3671,3672,15,1
MUL_B,2,3674,3675,3676,16,1
MUL_B,2,3678,3679,3680,17,1
MUL_B,2,3682,3683,3684,18,1
MUL_B,2,3686,3687,3688,19,1
MUL_B,2,3690,3691,3692,20,1
MUL_B,2,3694,3695,3696,21,1
MUL_B,2,3698,3699,3700,22,1
MUL_B,2,3702,3703,3704,23,1
MUL_B,2,3706,3707,3708,24,1
MUL_B,2,3710,3711,3712,25,1
MUL_B,2,3714,3715,3716,26,1
MUL_B,2,3718,3719,3720,27,1
MUL_B,2,3722,3723,3724,28,1
MUL_B,2,3726,3727,3728,29,1
MUL_B,2,3730,3731,3732,30,1
MUL_B,2,3734,3735,3736,31,1
MUL_B,2,3738,3739,3740,32,1
MUL_B,2,3807,3808,3809,0,1
MUL_B,2,3811,3812,3813,1,1
MUL_B,2,3815,3816,3817,2,1
MUL_B,2,3819,3820,3821,3,1
MUL_B,2,3823,3824,3825,4,1
MUL_B,2,3827,3828,3829,5,1
MUL_B,2,3831,3832,3833,6,1
MUL_B,2,3835,3836,3837,7,1
MUL_B,2,3839,3840,3841,8,1
MUL_B,2,3843,3844,3845,9,1
MUL_B,2,3847,3848,3849,10,1
MUL_B,2,3851,3852,3853,11,1
MUL_B,2,3855,3856,3857,12,1
MUL_B,2,3859,3860,3861,13,1
MUL_B,2,3863,3864,3865,14,1
MUL_B,2,3867,3868,3869,15,1
MUL_B,2,3871,3872,3873,16,1
MUL_B,2,3875,3876,3877,17,1
MUL_B,2,3879,3880,3881,18,1
MUL_B,2,3883,3884,3885,19,1
MUL_B,2,3887,3888,3889,20,1
MUL_B,2,3891,3892,3893,21,1
MUL_B,2,3895,3896,3897,22,1
MUL_B,2,3899,3900,3901,23,1
MUL_B,2,3903,3904,3905,24,1
MUL_B,2,3907,3908,3909,25,1
MUL_B,2,3911,3912,3913,26,1
MUL_B,2,3915,3916,3917,27,1
MUL_B,2,3919,3920,3921,28,1
MUL_B,2,3923,3924,3925,29,1
MUL_B,2,3927,3928,3929,30,1
MUL_B,2,3996,3997,3998,0,1
MUL_B,2,4000,4001,4002,1,1
MUL_B,2,4004,4005,4006,2,1
MUL_B,2,4008,4009,4010,3,1
MUL_B,2,4012,4013,4014,4,1
MUL_B,2,4016,4017,4018,5,1
MUL_B,2,4020,4021,4022,6,1
MUL_B,2,4024,4025,4026,7,1
MUL_B,2,4028,4029,4030,8,1
MUL_B,2,4032,4033,4034,9,1
MUL_B,2,4036,4037,4038,10,1
MUL_B,2,4040,4041,4042,11,1
MUL_B,2,4044,4045,4046,12,1
MUL_B,2,4048,4049,4050,13,1
MUL_B,2,4052,4053,4054,14,1
MUL_B,2,4056,4057,4058,15,1
MUL_B,2,4060,4061,4062,16,1
MUL_B,2,4064,4065,4066,17,1
MUL_B,2,4068,4069,4070,18,1
MUL_B,2,4072,4073,4074,19,1
MUL_B,2,4076,4077,4078,20,1
MUL_B,2,4080,4081,4082,21,1
MUL_B,2,4084,4085,4086,22,1
MUL_B,2,4088,4089,4090,23,1
MUL_B,2,4092,4093,4094,24,1
MUL_B,2,4096,4097,4098,25,1
MUL_B,2,4100,4101,4102,26,1
MUL_B,2,4104,4105,4106,27,1
MUL_B,2,4108,4109,4110,28,1
MUL_B,2,4112,4113,4114,29,1
MUL_B,2,4116,4117,4118,30,1
MUL_B,2,4185,4186,4187,0,1
MUL_B,2,4189,4190,4191,1,1
MUL_B,2,4193,4194,4195,2,1
MUL_B,2,4197,4198,4199,3,1
MUL_B,2,4201,4202,4203,4,1
MUL_B,2,4205,4206,4207,5,1
MUL_B,2,4209,4210,4211,6,1
MUL_B,2,4213,4214,4215,7,1
MUL_B,2,4217,4218,4219,8,1
MUL_B,2,4221,4222,4223,9,1
MUL_B,2,4225,4226,4227,10,1
MUL_B,2,4229,4230,4231,11,1
MUL_B,2,4233,4234,4235,12,1
MUL_B,2,4237,4238,4239,13,1
MUL_B,2,4241,4242,4243,14,1
MUL_B,2,4245,4246,4247,15,1
MUL_B,2,4249,4250,4251,16,1
MUL_B,2,4253,4254,4255,17,1
MUL_B,2,4257,4258,4259,18,1
MUL_B,2,4261,4262,4263,19,1
MUL_B,2,4265,4266,4267,20,1
MUL_B,2,4269,4270,4271,21,1
MUL_B,2,4273,4274,4275,22,1
MUL_B,2,4277,4278,4279,23,1
MUL_B,2,4281,4282,4283,24,1
MUL_B,2,4285,4286,4287,25,1
MUL_B,2,4289,4290,4291,26,1
MUL_B,2,4293,4294,4295,27,1
MUL_B,2,4297,4298,4299,28,1
MUL_B,2,4301,4302,4303,29,1
MUL_B,2,4305,4306,4307,30,1
MUL_B,2,4374,4375,4376,0,1
MUL_B,2,4378,4379,4380,1,1
MUL_B,2,4382,4383,4384,2,1
MUL_B,2,4386,4387,4388,3,1
MUL_B,2,4390,4391,4392,4,1
MUL_B,2,4394,4395,4396,5,1
MUL_B,2,4398,4399,4400,6,1
MUL_B,2,4402,4403,4404,7,1
MUL_B,2,4406,4407,4408,8,1
MUL_B,2,4410,4411,4412,9,1
MUL_B,2,4414,4415,4416,10,1
MUL_B,2,4418,4419,4420,11,1
MUL_B,2,4422,4423,4424,12,1
MUL_B,2,4426,4427,4428,13,1
MUL_B,2,4430,4431,4432,14,1
MUL_B,2,4434,4435,4436,15,1
MUL_B,2,4438,4439,4440,16,1
MUL_B,2,4442,4443,4444,17,1
MUL_B,2,4446,4447,4448,18,1
MUL_B,2,4450,4451,4452,19,1
MUL_B,2,4454,4455,4456,20,1
MUL_B,2,4458,4459,4460,21,1
MUL_B,2,4462,4463,4464,22,1
MUL_B,2,4466,4467,4468,23,1
MUL_B,2,4470,4471,4472,24,1
MUL_B,2,4474,4475,4476,25,1
MUL_B,2,4478,4479,4480,26,1
MUL_B,2,4482,4483,4484,27,1
MUL_B,2,4486,4487,4488,28,1
MUL_B,2,4490,4491,4492,29,1
MUL_B,2,4494,4495,4496,30,1
MUL_B,2,4563,4564,4565,0,1
MUL_B,2,4567,4568,4569,1,1
MUL_B,2,4571,4572,4573,2,1
MUL_B,2,4575,4576,4577,3,1
MUL_B,2,4579,4580,4581,4,1
MUL_B,2,4583,4584,4585,5,1
MUL_B,2,4587,4588,4589,6,1
MUL_B,2,4591,4592,4593,7,1
MUL_B,2,4595,4596,4597,8,1
MUL_B,2,4599,4600,4601,9,1
MUL_B,2,4603,4604,4605,10,1
MUL_B,2,4607,4608,4609,11,1
MUL_B,2,4611,4612,4613,12,1
MUL_B,2,4615,4616,4617,13,1
MUL_B,2,4619,4620,4621,14,1
MUL_B,2,4623,4624,4625,15,1
MUL_B,2,4627,4628,4629,16,1
MUL_B,2,4631,4632,4633,17,1
MUL_B,2,4635,4636,4637,18,1
MUL_B,2,4639,4640,4641,19,1
MUL_B,2,4643,4644,4645,20,1
MUL_B,2,4647,4648,4649,21,1
MUL_B,2,4651,4652,4653,22,1
MUL_B,2,4655,4656,4657,23,1
MUL_B,2,4659,4660,4661,24,1
MUL_B,2,4663,4664,4665,25,1
MUL_B,2,4667,4668,4669,26,1
MUL_B,2,4671,4672,4673,27,1
MUL_B,2,4675,4676,4677,28,1
MUL_B,2,4679,4680,4681,29,1
MUL_B,2,4683,4684,4685,30,1
MUL_B,2,4752,4753,4754,0,1
MUL_B,2,4756,4757,4758,1,1
MUL_B,2,4760,4761,4762,2,1
MUL_B,2,4764,4765,4766,3,1
MUL_B,2,4768,4769,4770,4,1
MUL_B,2,4772,4773,4774,5,1
MUL_B,2,4776,4777,4778,6,1
MUL_B,2,4780,4781,4782,7,1
MUL_B,2,4784,4785,4786,8,1
MUL_B,2,4788,4789,4790,9,1
MUL_B,2,4792,4793,4794,10,1
MUL_B,2,4796,4797,4798,11,1
MUL_B,2,4800,4801,4802,12,1
MUL_B,2,4804,4805,4806,13,1
MUL_B,2,4808,4809,4810,14,1
MUL_B,2,4812,4813,4814,15,1
MUL_B,2,4816,4817,4818,16,1
MUL_B,2,4820,4821,4822,17,1
MUL_B,2,4824,4825,4826,18,1
MUL_B,2,4828,4829,4830,19,1
MUL_B,2,4832,4833,4834,20,1
MUL_B,2,4836,4837,4838,21,1
MUL_B,2,4840,4841,4842,22,1
MUL_B,2,4844,4845,4846,23,1
MUL_B,2,4848,4849,4850,24,1
MUL_B,2,4852,4853,4854,25,1
MUL_B,2,4856,4857,4858,26,1
MUL_B,2,4860,4861,4862,27,1
MUL_B,2,4864,4865,4866,28,1
MUL_B,2,4868,4869,4870,29,1
MUL_B,2,4872,4873,4874,30,1
MUL_B,2,4941,4942,4943,0,1
MUL_B,2,4945,4946,4947,1,1
MUL_B,2,4949,4950,4951,2,1
MUL_B,2,4953,4954,4955,3,1
MUL_B,2,4957,4958,4959,4,1
MUL_B,2,4961,4962,4963,5,1
MUL_B,2,4965,4966,4967,6,1
MUL_B,2,4969,4970,4971,7,1
MUL_B,2,4973,4974,4975,8,1
MUL_B,2,4977,4978,4979,9,1
MUL_B,2,4981,4982,4983,10,1
MUL_B,2,4985,4986,4987,11,1
MUL_B,2,4989,4990,4991,12,1
MUL_B,2,4993,4994,4995,13,1
MUL_B,2,4997,4998,4999,14,1
MUL_B,2,5001,5002,5003,15,1
MUL_B,2,5005,5006,5007,16,1
MUL_B,2,5009,5010,5011,17,1
MUL_B,2,5013,5014,5015,18,1
MUL_B,2,5017,5018,5019,19,1
MUL_B,2,5021,5022,5023,20,1
MUL_B,2,5025,5026,5027,21,1
MUL_B,2,5029,5030,5031,22,1
MUL_B,2,5033,5034,5035,23,1
MUL_B,2,5037,5038,5039,24,1
MUL_B,2,5041,5042,5043,25,1
MUL_B,2,5045,5046,5047,26,1
MUL_B,2,5049,5050,5051,27,1
MUL_B,2,5053,5054,5055,28,1
MUL_B,2,5057,5058,5059,29,1
MUL_B,2,5061,5062,5063,30,1
MUL_B,2,5130,5131,5132,2,1
MUL_B,2,5134,5135,5136,3,1
MUL_B,2,5138,5139,5140,4,1
MUL_B,2,5142,5143,5144,5,1
MUL_B,2,5146,5147,5148,6,1
MUL_B,2,5150,5151,5152,7,1
MUL_B,2,5154,5155,5156,8,1
MUL_B,2,5158,5159,5160,9,1
MUL_B,2,5162,5163,5164,10,1
MUL_B,2,5166,5167,5168,11,1
MUL_B,2,5170,5171,5172,12,1
MUL_B,2,5174,5175,5176,13,1
MUL_B,2,5178,5179,5180,14,1
MUL_B,2,5182,5183,5184,15,1
MUL_B,2,5186,5187,5188,16,1
MUL_B,2,5190,5191,5192,17,1
MUL_B,2,5194,5195,5196,18,1
MUL_B,2,5198,5199,5200,19,1
MUL_B,2,5202,5203,5204,20,1
MUL_B,2,5206,5207,5208,21,1
MUL_B,2,5210,5211,5212,22,1
MUL_B,2,5214,5215,5216,23,1
MUL_B,2,5218,5219,5220,24,1
MUL_B,2,5222,5223,5224,25,1
MUL_B,2,5226,5227,5228,26,1
MUL_B,2,5230,5231,5232,27,1
MUL_B,2,5234,5235,5236,28,1
MUL_B,2,5238,5239,5240,29,1
MUL_B,2,5242,5243,5244,30,1
MUL_B,2,5246,5247,5248,31,1
MUL_B,2,5250,5251,5252,32,1
MUL_B,2,5319,5320,5321,0,1
MUL_B,2,5323,5324,5325,1,1
MUL_B,2,5327,5328,5329,2,1
MUL_B,2,5331,5332,5333,3,1
MUL_B,2,5335,5336,5337,4,1
MUL_B,2,5339,5340,5341,5,1
MUL_B,2,5343,5344,5345,6,1
MUL_B,2,5347,5348,5349,7,1
MUL_B,2,5351,5352,5353,8,1
MUL_B,2,5355,5356,5357,9,1
MUL_B,2,5359,5360,5361,10,1
MUL_B,2,5363,5364,5365,11,1
MUL_B,2,5367,5368,5369,12,1
MUL_B,2,5371,5372,5373,13,1
MUL_B,2,5375,5376,5377,14,1
MUL_B,2,5379,5380,5381,15,1
MUL_B,2,5383,5384,5385,16,1
MUL_B,2,5387,5388,5389,17,1
MUL_B,2,5391,5392,5393,18,1
MUL_B,2,5395,5396,5397,19,1
MUL_B,2,5399,5400,5401,20,1
MUL_B,2,5403,5404,5405,21,1
MUL_B,2,5407,5408,5409,22,1
MUL_B,2,5411,5412,5413,23,1
MUL_B,2,5415,5416,5417,24,1
MUL_B,2,5419,5420,5421,25,1
MUL_B,2,5423,5424,5425,26,1
MUL_B,2,5427,5428,5429,27,1
MUL_B,2,5431,5432,5433,28,1
MUL_B,2,5435,5436,5437,29,1
MUL_B,2,5439,5440,5441,30,1
MUL_B,2,5508,5509,5510,0,1
MUL_B,2,5512,5513,5514,1,1
MUL_B,2,5516,5517,5518,2,1
MUL_B,2,5520,5521,5522,3,1
MUL_B,2,5524,5525,5526,4,1
MUL_B,2,5528,5529,5530,5,1
MUL_B,2,5532,5533,5534,6,1
MUL_B,2,5536,5537,5538,7,1
MUL_B,2,5540,5541,5542,8,1
MUL_B,2,5544,5545,5546,9,1
MUL_B,2,5548,5549,5550,10,1
MUL_B,2,5552,5553,5554,11,1
MUL_B,2,5556,5557,5558,12,1
MUL_B,2,5560,5561,5562,13,1
MUL_B,2,5564,5565,5566,14,1
MUL_B,2,5568,5569,5570,15,1
MUL_B,2,5572,5573,5574,16,1
MUL_B,2,5576,5577,5578,17,1
MUL_B,2,5580,5581,5582,18,1
MUL_B,2,5584,5585,5586,19,1
MUL_B,2,5588,5589,5590,20,1
MUL_B,2,5592,5593,5594,21,1
MUL_B,2,5596,5597,5598,22,1
MUL_B,2,5600,5601,5602,23,1
MUL_B,2,5604,5605,5606,24,1
MUL_B,2,5608,5609,5610,25,1
MUL_B,2,5612,5613,5614,26,1
MUL_B,2,5616,5617,5618,27,1
MUL_B,2,5620,5621,5622,28,1
MUL_B,2,5624,5625,5626,29,1
MUL_B,2,5628,5629,5630,30,1
MUL_B,2,5697,5698,5699,0,1
MUL_B,2,5701,5702,5703,1,1
MUL_B,2,5705,5706,5707,2,1
MUL_B,2,5709,5710,5711,3,1
MUL_B,2,5713,5714,5715,4,1
MUL_B,2,5717,5718,5719,5,1
MUL_B,2,5721,5722,5723,6,1
MUL_B,2,5725,5726,5727,7,1
MUL_B,2,5729,5730,5731,8,1
MUL_B,2,5733,5734,5735,9,1
MUL_B,2,5737,5738,5739,10,1
MUL_B,2,5741,5742,5743,11,1
MUL_B,2,5745,5746,5747,12,1
MUL_B,2,5749,5750,5751,13,1
MUL_B,2,5753,5754,5755,14,1
MUL_B,2,5757,5758,5759,15,1
MUL_B,2,5761,5762,5763,16,1
MUL_B,2,5765,5766,5767,17,1
MUL_B,2,5769,5770,5771,18,1
MUL_B,2,5773,5774,5775,19,1
MUL_B,2,5777,5778,5779,20,1
MUL_B,2,5781,5782,5783,21,1
MUL_B,2,5785,5786,5787,22,1
MUL_B,2,5789,5790,5791,23,1
MUL_B,2,5793,5794,5795,24,1
MUL_B,2,5797,5798,5799,25,1
MUL_B,2,5801,5802,5803,26,1
MUL_B,2,5805,5806,5807,27,1
MUL_B,2,5809,5810,5811,28,1
MUL_B,2,5813,5814,5815,29,1
MUL_B,2,5817,5818,5819,30,1
MUL_B,2,5886,5887,5888,2,1
MUL_B,2,5890,5891,5892,3,1
MUL_B,2,5894,5895,5896,4,1
MUL_B,2,5898,5899,5900,5,1
MUL_B,2,5902,5903,5904,6,1
MUL_B,2,5906,5907,5908,7,1
MUL_B,2,5910,5911,5912,8,1
MUL_B,2,5914,5915,5916,9,1
MUL_B,2,5918,5919,5920,10,1
MUL_B,2,5922,5923,5924,11,1
MUL_B,2,5926,5927,5928,12,1
MUL_B,2,5930,5931,5932,13,1
MUL_B,2,5934,5935,5936,14,1
MUL_B,2,5938,5939,5940,15,1
MUL_B,2,5942,5943,5944,16,1
MUL_B,2,5946,5947,5948,17,1
MUL_B,2,5950,5951,5952,18,1
MUL_B,2,5954,5955,5956,19,1
MUL_B,2,5958,5959,5960,20,1
MUL_B,2,5962,5963,5964,21,1
MUL_B,2,5966,5967,5968,22,1
MUL_B,2,5970,5971,5972,23,1
MUL_B,2,5974,5975,5976,24,1
MUL_B,2,5978,5979,5980,25,1
MUL_B,2,5982,5983,5984,26,1
MUL_B,2,5986,5987,5988,27,1
MUL_B,2,5990,5991,5992,28,1
MUL_B,2,5994,5995,5996,29,1
MUL_B,2,5998,5999,6000,30,1
MUL_B,2,6002,6003,6004,31,1
MUL_B,2,6006,6007,6008,32,1
MUL_B,2,6075,6076,6077,0,1
MUL_B,2,6079,6080,6081,1,1
MUL_B,2,6083,6084,6085,2,1
MUL_B,2,6087,6088,6089,3,1
MUL_B,2,6091,6092,6093,4,1
MUL_B,2,6095,6096,6097,5,1
MUL_B,2,6099,6100,6101,6,1
MUL_B,2,6103,6104,6105,7,1
MUL_B,2,6107,6108,6109,8,1
MUL_B,2,6111,6112,6113,9,1
MUL_B,2,6115,6116,6117,10,1
MUL_B,2,6119,6120,6121,11,1
MUL_B,2,6123,6124,6125,12,1
MUL_B,2,6127,6128,6129,13,1
MUL_B,2,6131,6132,6133,14,1
MUL_B,2,6135,6136,6137,15,1
MUL_B,2,6139,6140,6141,16,1
MUL_B,2,6143,6144,6145,17,1
MUL_B,2,6147,6148,6149,18,1
MUL_B,2,6151,6152,6153,19,1
MUL_B,2,6155,6156,6157,20,1
MUL_B,2,6159,6160,6161,21,1
MUL_B,2,6163,6164,6165,22,1
MUL_B,2,6167,6168,6169,23,1
MUL_B,2,6171,6172,6173,24,1
MUL_B,2,6175,6176,6177,25,1
MUL_B,2,6179,6180,6181,26,1
MUL_B,2,6183,6184,6185,27,1
MUL_B,2,6187,6188,6189,28,1
MUL_B,2,6191,6192,6193,29,1
MUL_B,2,6195,6196,6197,30,1
MUL_B,2,6264,6265,6266,2,1
MUL_B,2,6268,6269,6270,3,1
MUL_B,2,6272,6273,6274,4,1
MUL_B,2,6276,6277,6278,5,1
MUL_B,2,6280,6281,6282,6,1
MUL_B,2,6284,6285,6286,7,1
MUL_B,2,6288,6289,6290,8,1
MUL_B,2,6292,6293,6294,9,1
MUL_B,2,6296,6297,6298,10,1
MUL_B,2,6300,6301,6302,11,1
MUL_B,2,6304,6305,6306,12,1
MUL_B,2,6308,6309,6310,13,1
MUL_B,2,6312,6313,6314,14,1
MUL_B,2,6316,6317,6318,15,1
MUL_B,2,6320,6321,6322,16,1
MUL_B,2,6324,6325,6326,17,1
MUL_B,2,6328,6329,6330,18,1
MUL_B,2,6332,6333,6334,19,1
MUL_B,2,6336,6337,6338,20,1
MUL_B,2,6340,6341,6342,21,1
MUL_B,2,6344,6345,6346,22,1
MUL_B,2,6348,6349,6350,23,1
MUL_B,2,6352,6353,6354,24,1
MUL_B,2,6356,6357,6358,25,1
MUL_B,2,6360,6361,6362,26,1
MUL_B,2,6364,6365,6366,27,1
MUL_B,2,6368,6369,6370,28,1
MUL_B,2,6372,6373,6374,29,1
MUL_B,2,6376,6377,6378,30,1
MUL_B,2,6380,6381,6382,31,1
MUL_B,2,6384,6385,6386,32,1
AND_B,3,6420,32,6452,2,1
AND_B,3,6421,33,6453,3,1
AND_B,3,6422,34,6454,4,1
AND_B,3,6423,35,6455,5,1
AND_B,3,6424,36,6456,6,1
AND_B,3,6425,37,6457,7,1
AND_B,3,6426,38,6458,8,1
AND_B,3,6427,39,6459,9,1
AND_B,3,6428,40,6460,10,1
AND_B,3,6429,41,6461,11,1
AND_B,3,6430,42,6462,12,1
AND_B,3,6431,43,6463,13,1
AND_B,3,6432,44,6464,14,1
AND_B,3,6433,45,6465,15,1
AND_B,3,6434,46,6466,16,1
AND_B,3,6435,47,6467,17,1
AND_B,3,6436,48,6468,18,1
AND_B,3,6437,49,6469,19,1
AND_B,3,6438,50,6470,20,1
AND_B,3,6439,51,6471,21,1
AND_B,3,6440,52,6472,22,1
AND_B,3,6441,53,6473,23,1
AND_B,3,6442,54,6474,24,1
AND_B,3,6443,55,6475,25,1
AND_B,3,6444,56,6476,26,1
AND_B,3,6445,57,6477,27,1
AND_B,3,6446,58,6478,28,1
AND_B,3,6447,59,6479,29,1
AND_B,3,6448,60,6480,30,1
AND_B,3,6449,61,6481,31,1
AND_B,3,6450,62,6482,32,1
AND_B,3,6451,63,6483,33,1
OUT_B,4,6452,0,6484,3,1
OUT_B,4,6453,0,6485,4,1
OUT_B,4,6454,0,6486,5,1
OUT_B,4,6455,0,6487,6,1
OUT_B,4,6456,0,6488,7,1
OUT_B,4,6457,0,6489,8,1
OUT_B,4,6458,0,6490,9,1
OUT_B,4,6459,0,6491,10,1
OUT_B,4,6460,0,6492,11,1
OUT_B,4,6461,0,6493,12,1
OUT_B,4,6462,0,6494,13,1
OUT_B,4,6463,0,6495,14,1
OUT_B,4,6464,0,6496,15,1
OUT_B,4,6465,0,6497,16,1
OUT_B,4,6466,0,6498,17,1
OUT_B,4,6467,0,6499,18,1
OUT_B,4,6468,0,6500,19,1
OUT_B,4,6469,0,6501,20,1
OUT_B,4,6470,0,6502,21,1
OUT_B,4,6471,0,6503,22,1
OUT_B,4,6472,0,6504,23,1
OUT_B,4,6473,0,6505,24,1
OUT_B,4,6474,0,6506,25,1
OUT_B,4,6475,0,6507,26,1
OUT_B,4,6476,0,6508,27,1
OUT_B,4,6477,0,6509,28,1
OUT_B,4,6478,0,6510,29,1
OUT_B,4,6479,0,6511,30,1
OUT_B,4,6480,0,6512,31,1
OUT_B,4,6481,0,6513,32,1
OUT_B,4,6482,0,6514,33,1
OUT_B,4,6483,0,6515,34,1
